PassengerId,Pclass,Sex,Age,SibSp,Parch,Fare,Survived
1,1,female,29,0,0,211.34,1
2,1,male,31,1,0,151.55,1
3,1,female,25,1,2,151.55,1
4,1,male,48,1,0,26.55,0
5,2,female,30,0,0,13.00,1
6,2,male,35,0,0,13.00,0
7,2,female,28,1,0,26.00,1
8,2,male,40,0,0,26.00,0
9,3,female,18,0,0,7.25,1
10,3,male,22,0,0,7.25,0
11,3,female,20,1,1,15.50,1
12,3,male,25,0,0,8.05,0
13,3,female,35,0,0,7.75,1
14,3,male,45,1,0,9.00,0
15,1,female,38,0,0,80.00,1
16,1,male,50,0,0,70.00,0
17,2,female,32,0,1,30.00,1
18,2,male,28,1,0,20.00,0
19,3,female,26,0,2,12.00,1
20,3,male,30,0,0,9.50,0