buying,maint,doors,persons,lug_boot,safety,class
vhigh,vhigh,2,2,small,low,unacc
vhigh,vhigh,2,2,small,med,unacc
vhigh,vhigh,2,2,small,high,unacc
vhigh,vhigh,4,4,big,high,unacc
high,high,4,4,big,high,acc
high,high,4,more,big,high,acc
high,med,4,4,big,high,acc
high,med,4,more,big,high,good
med,med,4,more,big,high,good
med,low,4,more,big,high,vgood
low,low,4,more,big,high,vgood
low,low,4,more,small,high,good
low,med,4,more,big,high,good
low,med,4,4,big,med,acc
med,med,4,4,big,med,acc
high,low,4,4,big,med,acc
vhigh,low,4,4,big,med,unacc
vhigh,high,4,more,big,low,unacc
high,high,2,2,small,low,unacc
med,high,4,more,big,low,unacc