age,income,loan_amount,credit_score,previous_loans,employment_years,fully_paid
25,35000,5000,650,1,2,1
32,50000,10000,720,2,5,1
28,28000,8000,610,2,3,0
45,75000,15000,780,3,12,1
36,42000,12000,680,2,7,1
29,30000,7000,590,1,2,0
52,90000,20000,800,4,20,1
41,55000,14000,640,3,10,0
24,25000,4000,580,0,1,0
38,60000,11000,730,2,8,1
31,45000,9000,620,2,4,0
47,80000,18000,760,4,15,1
27,32000,6000,600,1,2,0
35,48000,10000,700,2,6,1
50,85000,16000,790,3,18,1
40,52000,13000,630,3,9,0
26,29000,5000,570,1,1,0
44,70000,15000,750,3,13,1
33,46000,9000,670,2,5,1
39,58000,12000,610,3,8,0